,0,1
BALANCE,1400.108358922367,1425.060319761069
BALANCE_FREQUENCY,0.8812532153286043,0.8808305148888038
PURCHASES,744.0136977854717,758.8483721346345
ONEOFF_PURCHASES,365.40392767275074,344.9860138773996
INSTALLMENTS_PURCHASES,244.26127120613293,220.47486727869875
CASH_ADVANCE,398.7574500054224,398.73533794507864
PURCHASES_FREQUENCY,0.5047699817615299,0.48921633160584177
ONEOFF_PURCHASES_FREQUENCY,0.39873395887856916,0.38563514910487134
PURCHASES_INSTALLMENTS_FREQUENCY,0.40171418493936295,0.39443980887319174
CASH_ADVANCE_FREQUENCY,0.20045747683653214,0.19660476782103448
CASH_ADVANCE_TRX,2.0123084981013486,1.9230769230769231
PURCHASES_TRX,9.934791148356684,9.926123381568926
CREDIT_LIMIT,4483.603919105232,4463.544892405024
PAYMENTS,1608.4603558900358,1654.988073751473
MINIMUM_PAYMENTS,447.732712378787,470.638130006722
PRC_FULL_PAYMENT,0.16740265147581396,0.16084343376318838
TENURE,11.940159748592379,8.411271896420411
